{"TaxBrackets":[{"Name":"CO State", "Percent":0.029},{"Name":"El Paso County", "Percent":0.0123},{"Name":"CO Springs", "Percent":0.0312},{"Name":"PPRTA", "Percent":0.01}],"Transtypes":[{"Name":"Retail","Taxable":true,"Commission":true,"Commpercent":0.03,"Minimum":0},{"Name":"Repair","Taxable":true,"Commission":true,"Commpercent":0.03,"Minimum":200},{"Name":"ESP","Taxable":false,"Commission":true,"Commpercent":0.1,"Minimum":0},{"Name":"Gold","Taxable":false,"Commission":false,"Commpercent":0.0,"Minimum":0}]}